ID на поръчката,ДОГОВОР НОМЕР,contract_date_parsed,repair_type,object_type,season,quarter,month,day_of_week,value_bgn,value_log,value_bgn_normalized,num_offers,eu_financed,contractor,authority,authority_type,has_annex,annex_extension_days,actual_days,duration_confidence,ПРЕДМЕТ на договора,value_per_offer,town,lat,lng
375743,142000129,2024-04-02,other,доставки,spring,Q2,4,1,125000.0,11.736077016252437,125000.0,1.0,0,СИТЕРМ - ИНЖЕНЕРИНГ ЕООД,"""АЕЦ Козлодуй"" ЕАД, гр. Козлодуй",utility,0,0,8,estimated,"Доставка на резервни части и консумативи, производство на EFCO MASCHINENBAU GMBH",62500.0,козлодуй,43.7656,23.741349999999997
377118,140000130,2024-04-26,other,доставки,spring,Q2,4,4,64453.08,11.073708311251174,64453.08,1.0,0,Мерк България ЕАД,"""АЕЦ Козлодуй"" ЕАД, гр. Козлодуй",utility,0,0,45,estimated,"„Доставка на резервни части и консумативи, производство на MERCK KGaA”",32226.54,козлодуй,43.7323,23.78455
354749,006-24-PPL,2024-03-26,other,доставки,spring,Q1,3,1,0.1,0.09531017980432487,0.1,1.0,0,Калцит АД,"""Ей и Ес - 3С Марица изток I"" ЕООД",other,0,0,49,estimated,Доставка на хидратна вар [Са(ОН)2],0.05,марица,42.1821,24.8241
354749,005-24-PPL,2024-03-26,other,доставки,spring,Q1,3,1,0.1,0.09531017980432487,0.1,2.0,0,Брентаг България ООД,"""Ей и Ес - 3С Марица изток I"" ЕООД",other,0,0,74,estimated,Доставка на натриев карбонат [Na2CO3] Калцинирана сода – лека,0.03333333333333333,марица,42.19215,24.8238
354749,009-24-PL,2024-03-26,other,доставки,spring,Q1,3,1,0.1,0.09531017980432487,0.1,2.0,0,Химтекс ООД,"""Ей и Ес - 3С Марица изток I"" ЕООД",other,0,0,80,estimated,Доставка на натриев хипохлорит [NaClO],0.03333333333333333,марица,42.11505,24.81795
354749,010-24-PPL,2024-03-26,other,доставки,spring,Q1,3,1,0.1,0.09531017980432487,0.1,2.0,0,Континвест ООД - София /старо наименование Континвест ЕООД,"""Ей и Ес - 3С Марица изток I"" ЕООД",other,0,0,40,estimated,"Доставка на натриева основа [NaOН], течна, 50%",0.03333333333333333,марица,42.1173,24.68115
354749,008-24-PPL,2024-03-26,other,доставки,spring,Q1,3,1,0.1,0.09531017980432487,0.1,3.0,0,Континвест ООД - София /старо наименование Континвест ЕООД,"""Ей и Ес - 3С Марица изток I"" ЕООД",other,0,0,53,estimated,Доставка на сярна киселина[H2SO4],0.025,марица,42.0993,24.7911
354749,007-24-PPL,2024-03-26,other,доставки,spring,Q1,3,1,0.1,0.09531017980432487,0.1,3.0,0,Хим Комерс 2009 ЕООД,"""Ей и Ес - 3С Марица изток I"" ЕООД",other,0,0,9,estimated,"Доставка на ферихлорид [FeCI3], течен, 40%",0.025,марица,42.12585,24.7758
354749,013-24-PPL,2024-04-16,other,доставки,spring,Q2,4,1,0.1,0.09531017980432487,0.1,1.0,0,Хах Ланге ЕООД - София /старо наименование - Хах Ланге ООД/,"""Ей и Ес - 3С Марица изток I"" ЕООД",other,0,0,80,estimated,Доставка на лабораторни химикали за работа с наличното оборудване на работа с наличното оборудване на фирма HACH,0.05,марица,42.19815,24.81525
354749,012-24-PPL,2024-04-16,other,доставки,spring,Q2,4,1,0.1,0.09531017980432487,0.1,2.0,0,Актуал индъстрис ООД,"""Ей и Ес - 3С Марица изток I"" ЕООД",other,0,0,67,estimated,Доставката на флокулант за избистряне на индустриални води,0.03333333333333333,марица,42.195,24.7842
354749,011-24-PPL,2024-04-24,other,доставки,spring,Q2,4,2,0.1,0.09531017980432487,0.1,1.0,0,ЕКО АКВА ПУР ООД,"""Ей и Ес - 3С Марица изток I"" ЕООД",other,0,0,12,estimated,Доставка на химикали за корекционна обработка на водните системи в ТЕЦ Ей И Ес – 3С Марица Изток I,0.05,марица,42.0924,24.8208
367861,056А-23-PPL,2023-12-15,other,доставки,winter,Q4,12,4,0.1,0.09531017980432487,0.1,1.0,0,Йов България ООД,"""Ей и Ес - 3С Марица изток I"" ЕООД",other,0,0,88,estimated,Доставка на резервни части за редуктори производство на “PIV” (вътр.проц.4),0.05,марица,42.0924,24.69735
382017,ERMZ-CON-28/16.01.2024,2024-01-16,construction,строителство,winter,Q1,1,1,465244.23,13.050319921899549,465244.23,2.0,0,Етра-ЕЛ ООД - Велико Търново,"""Електроразпределителни мрежи Запад"" АД  /предишно наименование - ЧЕЗ Разпределение България АД /;   /предишно наименование Електроразпределение - Столично АД/",other,0,0,369,estimated,Строително-монтажни работи за реконструкция и ново изграждане на въздушни и кабелни мрежи ниско напрежение с изнасяне на електромерни табла на имотна граница на територията на област „Ловеч“,155081.41,неизвестен,42.702799999999996,25.3492
382017,ERMZ-CON-27/16.01.2024,2024-01-16,construction,строителство,winter,Q1,1,1,493935.65,13.110162549080357,493935.65,2.0,0,Стенли - 03 ЕООД,"""Електроразпределителни мрежи Запад"" АД  /предишно наименование - ЧЕЗ Разпределение България АД /;   /предишно наименование Електроразпределение - Столично АД/",other,0,0,230,estimated,Строително-монтажни работи за реконструкция и ново изграждане на въздушни и кабелни мрежи ниско напрежение с изнасяне на електромерни табла на имотна граница на територията на област „Монтана“,164645.21666666667,неизвестен,42.69665,25.27375
377680,РД-37-114,2023-12-22,road_repair,услуги,winter,Q4,12,4,4960.0,8.509362612301048,4960.0,1.0,0,Национален археологически институт с музей /НАИМ/,"Агенция ""Пътна инфраструктура"" /АПИ/ - /Старо наименование - /Национална агенция ""Пътна инфраструктура"" /НАПИ/ - /Старо наименование - Фонд ""Републиканска пътна инфраструктура""/ /ФРПИ/",state,0,0,254,estimated,"„Извършване на археологическо издирване на археологически обекти в рамките на обект: Пътен възел ,,Воденичане“ при км 298+600 на АМ „Тракия”.",2480.0,неизвестен,42.672349999999994,25.324749999999998
377680,РД-37-116,2023-12-22,other,услуги,winter,Q4,12,4,911200.0,13.722518788568415,911200.0,1.0,0,Национален археологически институт с музей /НАИМ/,"Агенция ""Пътна инфраструктура"" /АПИ/ - /Старо наименование - /Национална агенция ""Пътна инфраструктура"" /НАПИ/ - /Старо наименование - Фонд ""Републиканска пътна инфраструктура""/ /ФРПИ/",state,0,0,424,estimated,"„Извършване на предварителни археологически проучвания на обекти № 9, № 11 и № 13 по трасето на обект: АМ „Русе - Велико Търново“ от км 0+400 до км 76+040, за Обособена позиция № 2: „Обход на гр. Бяла",455600.0,неизвестен,42.75065,25.2892
377680,РД-37-3,2024-03-15,road_repair,услуги,spring,Q1,3,4,436465.0,12.986465758902714,436465.0,1.0,0,Национален археологически институт с музей /НАИМ/,"Агенция ""Пътна инфраструктура"" /АПИ/ - /Старо наименование - /Национална агенция ""Пътна инфраструктура"" /НАПИ/ - /Старо наименование - Фонд ""Републиканска пътна инфраструктура""/ /ФРПИ/",state,0,0,30,estimated,"„Извършване на пълно археологическо проучване на оставащата част от обект, находящ се в землището на с. Дърманци, общ. Мездра, в участъка на Лот 2 по трасето на Път I-1 (Е-79) „Мездра - Ботевград“",218232.5,неизвестен,42.74765,25.37305
377680,Д-46,2024-04-09,other,услуги,spring,Q2,4,1,565984.0,13.246322855067357,565984.0,1.0,0,Национален археологически институт с музей /НАИМ/,"Агенция ""Пътна инфраструктура"" /АПИ/ - /Старо наименование - /Национална агенция ""Пътна инфраструктура"" /НАПИ/ - /Старо наименование - Фонд ""Републиканска пътна инфраструктура""/ /ФРПИ/",state,0,0,263,estimated,"„Извършване на пълно археологическо проучване на обект № 03, Дренов от км 154+270 до км 154+520 по трасето на АМ „Хемус“ и на обредни ями източно“",282992.0,неизвестен,42.749449999999996,25.251549999999998
377680,Д-47,2024-04-09,other,услуги,spring,Q2,4,1,391634.0,12.878085562559834,391634.0,1.0,0,Национален археологически институт с музей /НАИМ/,"Агенция ""Пътна инфраструктура"" /АПИ/ - /Старо наименование - /Национална агенция ""Пътна инфраструктура"" /НАПИ/ - /Старо наименование - Фонд ""Републиканска пътна инфраструктура""/ /ФРПИ/",state,0,0,77,estimated,„Извършване на археологическо проучване на обект от км 180+120 и км 180+400 по трасето на АМ „Хемус“.,195817.0,неизвестен,42.7493,25.295199999999998
377680,Д-48,2024-04-09,other,услуги,spring,Q2,4,1,391634.0,12.878085562559834,391634.0,1.0,0,Национален археологически институт с музей /НАИМ/,"Агенция ""Пътна инфраструктура"" /АПИ/ - /Старо наименование - /Национална агенция ""Пътна инфраструктура"" /НАПИ/ - /Старо наименование - Фонд ""Републиканска пътна инфраструктура""/ /ФРПИ/",state,0,0,319,estimated,"„Извършване на археологическо проучване на Обект № 83 – Макариополско, между км 309+300 и км 309+500 по трасето на АМ „Хемус“",195817.0,неизвестен,42.71225,25.3765
377680,Д-51,2024-04-26,road_repair,услуги,spring,Q2,4,4,143551.0,11.87445261787988,143551.0,1.0,0,Национален археологически институт с музей /НАИМ/,"Агенция ""Пътна инфраструктура"" /АПИ/ - /Старо наименование - /Национална агенция ""Пътна инфраструктура"" /НАПИ/ - /Старо наименование - Фонд ""Републиканска пътна инфраструктура""/ /ФРПИ/",state,0,0,227,estimated,"„Извършване на пълно археологическо проучване на археологически обект в землището на с. Долна Вереница, обл. Монтана, по трасето на Път I-1 (E-79) „Мездра – Ботевград“.",71775.5,неизвестен,42.653299999999994,25.373649999999998
377680,Д-52,2024-04-26,other,услуги,spring,Q2,4,4,158060.0,11.970736313450328,158060.0,1.0,0,Национален археологически институт с музей /НАИМ/,"Агенция ""Пътна инфраструктура"" /АПИ/ - /Старо наименование - /Национална агенция ""Пътна инфраструктура"" /НАПИ/ - /Старо наименование - Фонд ""Републиканска пътна инфраструктура""/ /ФРПИ/",state,0,0,50,estimated,"„Извършване на цялостно археологическо проучване на обект № 12 по трасето на обект: АМ „Русе – Велико Търново“ от км 0+400 до км 76+040, за Обособена позиция № 2: ... продължение в поле II.1.4)",79030.0,неизвестен,42.715849999999996,25.31545
377680,Д-50,2024-04-26,other,услуги,spring,Q2,4,4,772141.0,13.55692374991626,772141.0,1.0,0,Национален археологически институт с музей /НАИМ/,"Агенция ""Пътна инфраструктура"" /АПИ/ - /Старо наименование - /Национална агенция ""Пътна инфраструктура"" /НАПИ/ - /Старо наименование - Фонд ""Републиканска пътна инфраструктура""/ /ФРПИ/",state,0,0,318,estimated,"„Извършване на предварително археологическо проучване на обект № 8 по трасето на обект: АМ „Русе – Велико Търново“ от км 0+400 до км 76+040, за Обособена позиция № 2: ... продължение в поле II.1.4)",386070.5,неизвестен,42.68825,25.3624
381897,РД-37-61,2024-08-22,road_repair,услуги,summer,Q3,8,3,6833822.0,15.737394811409763,6833822.0,3.0,0,Консултанти АМ Хемус 2020 ДЗЗД,"Агенция ""Пътна инфраструктура"" /АПИ/ - /Старо наименование - /Национална агенция ""Пътна инфраструктура"" /НАПИ/ - /Старо наименование - Фонд ""Републиканска пътна инфраструктура""/ /ФРПИ/",state,0,0,91,estimated,"Участък 8 от км 265+600 (след пътен възел „Ковачевско Кале“, пресичане с път II-51- по идеен проект) до км 299+000 (след пътен възел „Лозница“, пресичане с път II-49 – по идеен проект)",1708455.5,неизвестен,42.715399999999995,25.30855
381897,РД-37-77,2024-10-04,road_repair,услуги,autumn,Q4,10,4,8900000.0,16.001561947061912,8900000.0,3.0,0,Хемус Инвест ДЗЗД,"Агенция ""Пътна инфраструктура"" /АПИ/ - /Старо наименование - /Национална агенция ""Пътна инфраструктура"" /НАПИ/ - /Старо наименование - Фонд ""Републиканска пътна инфраструктура""/ /ФРПИ/",state,0,0,309,estimated,"Участък 7 от км 222+000 (след пресичането на път I-5) до км 265+600 (след пътен възел „Ковачевско Кале“, пресичане с път II-51 - по идеен проект)",2225000.0,неизвестен,42.677,25.3543
382727,БНБ-44031,2024-04-03,other,услуги,spring,Q2,4,2,28800.0,10.268165387743457,28800.0,1.0,0,Борика АД /старо Борика - Банксервиз АД/,Българска народна банка /БНБ/,other,0,0,285,estimated,"Проектиране, разработка и внедряване на измененния и допълнения на програмен продукт „СОФИ-БНБ""",14400.0,неизвестен,42.72305,25.371399999999998
376796,3282оп-349,2024-02-23,other,услуги,winter,Q1,2,4,1620000.0,14.297937324492327,1620000.0,1.0,0,Глобал Сат ЕООД,"Главна дирекция ""Гранична полиция"" /ГДГП/ към Министерство на вътрешните работи /МВР/",state,0,0,285,estimated,„Осигуряване надеждна следгаранционна поддръжка на Интегрирана система за контрол и наблюдение на българо-турската граница в участъка от ГКПП-Капитан Андреево до ГКПП-Лесово”,810000.0,неизвестен,42.66905,25.2817
380530,3282оп-868,2024-06-05,other,доставки,summer,Q2,6,2,90000.0,11.407576060361786,90000.0,3.0,0,Ойл плюс - Бургас ЕООД,"Главна дирекция ""Гранична полиция"" /ГДГП/ към Министерство на вътрешните работи /МВР/",state,0,0,8,estimated,"„Доставка на масла, консумативи, смазочни материали и охлаждащи течности за гранично полицейски кораби от БГПК-Созопол и корабните лодки към тях”.",22500.0,неизвестен,42.74615,25.38235
382670,3282оп-600,2024-04-03,other,услуги,spring,Q2,4,2,232030.0,12.354626262411653,232030.0,1.0,0,Контракс АД  - старо - Контракс ЕАД,"Главна дирекция ""Гранична полиция"" /ГДГП/ към Министерство на вътрешните работи /МВР/",state,0,0,238,estimated,„Осигуряване надеждна следгаранционна поддръжка на Интегрирана система за контрол и наблюдение на българо-турската граница в участъка от ГКПП-Капитан Андреево до ГКПП-Лесово”,116015.0,неизвестен,42.64085,25.2931
376577,111164,2024-03-15,other,доставки,spring,Q1,3,4,377685.0,12.841818441558711,377685.0,1.0,0,Импрегнация 2000 АД,"ДП Национална компания ""Железопътна инфраструктура"" /НКЖИ/ - София",other,0,0,53,estimated,,188842.5,софия,42.74675,23.3216
380508,111250,2024-05-13,other,услуги,spring,Q2,5,0,3080340.0,14.940550863107097,3080340.0,2.0,0,Комекс РМ ЕООД,"ДП Национална компания ""Железопътна инфраструктура"" /НКЖИ/ - София",other,0,0,234,estimated,"„Хигиенизиране, поддържане и почистване на открити и закрити площи стопанисвани от поделенията на ДП НКЖИ”",1026780.0,софия,42.63095,23.3525
363782,МЕР-БС-ДОГ-8,2024-05-31,other,строителство,spring,Q2,5,4,418051.08,12.943361297047229,418051.08,5.0,0,Обединение ДЗЗД ЕИК АЛТАИР,Електроенергиен системен оператор /ЕСО/ ЕАД,utility,0,0,273,estimated,Ретрофит на КРУ 10kV в п/ст Дебелт,69675.18000000001,неизвестен,42.756499999999996,25.31665
376766,МЕР-СФГ-ДОГ-25,2023-12-14,construction,строителство,winter,Q4,12,3,64220.0,11.070085538995333,64220.0,5.0,0,Марк Секюрити Системс ЕООД - гр. София,Електроенергиен системен оператор /ЕСО/ ЕАД,utility,0,0,148,estimated,"Изграждане на видеонаблюдение, СОТ, и пожароизвестяване в п/ст Княжево",10703.333333333334,неизвестен,42.63695,25.3294
376766,МЕР-СФГ-ДОГ-24,2023-12-14,construction,строителство,winter,Q4,12,3,69960.0,11.1556932229126,69960.0,4.0,0,Марк Секюрити Системс ЕООД - гр. София,Електроенергиен системен оператор /ЕСО/ ЕАД,utility,0,0,172,estimated,"„Изграждане на видеонаблюдение, СОТ, и пожароизвестяване в п/ст Модерно предградие“",13992.0,неизвестен,42.65255,25.31005
376766,МЕР-БЛ-ДОГ-6,2024-07-22,construction,строителство,summer,Q3,7,0,0.0,0.0,0.0,4.0,0,КМД Инженеринг ЕООД,Електроенергиен системен оператор /ЕСО/ ЕАД,utility,0,0,241,estimated,"„Проектиране, доставка и изграждане на системи за видеонаблюдение, пожароизвестяване, сигнално – охранителна система и периметрова охрана в п/ст Якоруда”",0.0,неизвестен,42.752449999999996,25.252299999999998
376766,МЕР-СФГ-ДОГ-14,2024-08-30,construction,строителство,summer,Q3,8,4,64900.0,11.080618310893968,64900.0,5.0,0,Марк Секюрити Системс ЕООД - гр. София,Електроенергиен системен оператор /ЕСО/ ЕАД,utility,0,0,97,estimated,"Проектиране, доставка и изграждане на системи за видеонаблюдение, пожароизвестяване, сигнално-охранителна система и периметрова охрана в п/ст „Курило""",10816.666666666666,неизвестен,42.6275,25.351
376766,МЕР-ГО-ДОГ-26,2024-09-19,construction,строителство,autumn,Q3,9,3,42500.0,10.657282884047461,42500.0,5.0,0,КМД Инженеринг ЕООД,Електроенергиен системен оператор /ЕСО/ ЕАД,utility,0,0,127,estimated,"„Проектиране, доставка и изграждане на системи за видеонаблюдение, СОТ и пожароизвестяване в п/ст „Г. Оряховица 20kV“",7083.333333333333,неизвестен,42.649699999999996,25.2931
379745,Д-747,2021-05-17,road_repair,услуги,spring,Q2,5,0,26100.0,10.169728906753061,26100.0,5.0,0,Атлас Травелс ЕООД,Институт по информационни и комуникационни технологии при Българска академия на науките,other,0,0,337,estimated,“Осигуряване на хотелско настаняване при служебни пътувания в страната и чужбина за нуждите на ЦВП”.,4350.0,неизвестен,42.66215,25.33465
365596,УД-03-40,2023-12-06,other,доставки,winter,Q4,12,2,165000.0,12.013706813470414,165000.0,4.0,0,Марс Армор ООД,Министерство на отбраната /МО/,state,0,0,80,estimated,"""Доставка на 100 броя бронежилетка БСЧ-IV""",33000.0,неизвестен,42.71705,25.3213
376498,04-46,2024-10-23,other,услуги,autumn,Q4,10,2,1660256.67,14.322483371178466,1660256.67,2.0,0,ТМС Ко ООД,Министерство на отбраната /МО/,state,0,0,283,estimated,,553418.89,неизвестен,42.75815,25.361349999999998
377160,УД-04-68,2023-12-13,other,услуги,winter,Q4,12,2,475000.0,13.07107218827772,475000.0,1.0,0,Балкантел ООД,Министерство на отбраната /МО/,state,0,0,176,estimated,Извънгаранционна поддръжка на адаптирана радарна система за кацане,237500.0,неизвестен,42.723949999999995,25.2793
382396,22,2021-10-13,other,доставки,autumn,Q4,10,2,6554.0,8.7879833961978,6554.0,7.0,0,Рей Медикъл ЕООД,Многопрофилна болница за aктивно лечение /МБАЛ/ - Бургас АД,other,0,0,12,estimated,досгавка на схецифичен медициннски консуматив,819.25,бургас,42.55595,27.521549999999998
382396,21,2021-10-13,other,доставки,autumn,Q4,10,2,2000.0,7.601402334583733,2000.0,7.0,0,Сърджимед ЕООД,Многопрофилна болница за aктивно лечение /МБАЛ/ - Бургас АД,other,0,0,51,estimated,доставка на специфичен медицинснки консуматив,250.0,бургас,42.531200000000005,27.41295
379858,548,2023-12-20,sports_facility,услуги,winter,Q4,12,2,2450.0,7.804251383528112,2450.0,2.0,0,Геоакст – Димитър Димитров ЕООД,Община Аксаково,municipality,0,0,422,estimated,"„Изработване на проект за ПУП-ПУР за осигуряване на транспортен достъп до поземлени имоти по КККР на с. Яребична, община Аксаково, обл. Варна""",816.6666666666666,аксаково,43.2544,27.8172
379858,571,2023-12-22,building_repair,услуги,winter,Q4,12,4,7450.1,8.91611695148098,7450.1,1.0,0,"Тога 2008 ООД, гр. Добрич",Община Аксаково,municipality,0,0,340,estimated,"""Изработване на проектна документация за ТИП и осъществяване на авт. надзор за обект: „Ремонт и реконстр. на общинска сграда „КМЕТСТВО“  в ПИ с идентификатор 40590.501.269.1 по КК и КР на с. Куманово""",3725.05,аксаково,43.2544,27.8172
379858,575,2023-12-29,road_repair,услуги,winter,Q4,12,4,14400.0,9.575052927597383,14400.0,3.0,0,"Тога 2008 ООД, гр. Добрич",Община Аксаково,municipality,0,0,398,estimated,Изработване на проектна документация за ТИП и осъществяване авт. надзор за обект: „Рехабилитация на улица „Слави Дойчев“ от ОТ 67 до ОТ 103 /кръстовище с ул.“Георги Петлешев“/ в гр.Игнатиево“,3600.0,аксаково,43.324299999999994,27.849899999999998
379858,231,2024-03-20,lighting,услуги,spring,Q1,3,2,62858.95,11.048664514932852,62858.95,3.0,0,Геоакст – Димитър Димитров ЕООД,Община Аксаково,municipality,0,0,146,estimated,Изработване на план-схеми за улично осветление към подробните устройствени планове на гр. Аксаково и гр. Игнатиево,15714.7375,аксаково,43.267599999999995,27.83865
379858,270,2024-05-02,other,услуги,spring,Q2,5,3,9902.6,9.20065360638664,9902.6,1.0,0,"Тога 2008 ООД, гр. Добрич",Община Аксаково,municipality,0,0,343,estimated,"Изработване на проектна документация  за ТИП и осъществяване на авторски надзо за обект:Благоустрояване на  УПИ I – „общ. обслужване“, кв.14 по действащия план на с. Въглен",4951.3,аксаково,43.2544,27.8172
379858,271,2024-05-07,construction,услуги,spring,Q2,5,1,12425.0,9.42754633062364,12425.0,1.0,0,"Тога 2008 ООД, гр. Добрич",Община Аксаково,municipality,0,0,125,estimated,Изработване на проектна документация за ТИП и осъществяване на авторски надзор за обект:Изграждане на общинска сграда „КМЕТСТВО“  в ПИ с идентификатор 40590.501.269.1 по КК и КР на с. Куманово,6212.5,аксаково,43.2544,27.8172
379858,278,2024-05-15,road_repair,услуги,spring,Q2,5,2,36205.0,10.496980129935888,36205.0,2.0,0,Инжконсултпроект ООД,Община Аксаково,municipality,0,0,206,estimated,"Изготвяне на  технически проект и осъществяване на авторски надзор за обект: „Рехабилитация и реконструкция на участък от път VAR VAR1026  / II - 29, Аксаково - Стожер / - Любен Каравелово",12068.333333333334,аксаково,43.29895,27.85035
379858,288,2024-05-27,road_repair,услуги,spring,Q2,5,0,15700.0,9.661479683575521,15700.0,2.0,0,Инжконсултпроект ООД,Община Аксаково,municipality,0,0,301,estimated,"Изготвяне на  технически проект и осъществяване на авторски надзор за обект :  „Рехабилитация и реконструкция на  път  VAR1022 / I - 2, Девня - Граница общ. (Аксаково - Белослав) - Езерово",5233.333333333333,аксаково,43.27225,27.7515
362640,Д24000389ВН,2024-04-08,road_repair,строителство,spring,Q2,4,0,101327.71,11.526125065679397,101327.71,3.0,0,"ДЗЗД""ИНФРАСТРУКТУРНИ СТРОЕЖИ",Община Варна,municipality,0,0,305,estimated,"„Реконструкция на част от улица от о. т. 3743 през о. т. 3744 до о. т. 3748, кв. 996, по плана на 5-ти м. р., район „Приморски“, гр. Варна“ с изх. № РД23022814ВН/30.10.2023г.  (Покана 26)",25331.9275,варна,43.243050000000004,27.9153
362640,Д24000510ВН,2024-04-26,road_repair,строителство,spring,Q2,4,4,558323.58,13.232695756838359,558323.58,3.0,0,"ДЗЗД""ИНФРАСТРУКТУРНИ СТРОЕЖИ",Община Варна,municipality,0,0,494,estimated,"Обособена позиция №1: „Текущ ремонт на пътна и улична мрежа, пътни съоръжения, паркове и елементи на техническата инфраструктура за нуждите на Община Варна на територията на район ""Одесос"" за 2024г.“",139580.895,варна,43.1676,27.98265
362640,Д24000507ВН,2024-04-26,road_repair,строителство,spring,Q2,4,4,558265.38,13.232591510964735,558265.38,3.0,0,Инфра експерт АД,Община Варна,municipality,0,0,375,estimated,"Обособена позиция №2: „Текущ ремонт на пътна и улична мрежа, пътни съоръжения, паркове и елементи на техническата инфраструктура за нуждите на Община Варна на територията на район ""Приморски"" за 2024г",139566.345,варна,43.26585,27.90225
362640,Д24000506ВН,2024-04-26,road_repair,строителство,spring,Q2,4,4,533328.44,13.186894598515254,533328.44,3.0,0,Хидрострой АД - София пререгистриран от Хидрострой АД,Община Варна,municipality,0,0,483,estimated,"Обособена позиция №3: „Текущ ремонт на пътна и улична мрежа, пътни съоръжения, паркове и елементи на техническата инфраструктура за нуждите на Община Варна на територията на район ""Младост"" и кметство",133332.11,варна,43.21305,27.86475
362640,Д24000508ВН,2024-04-26,road_repair,строителство,spring,Q2,4,4,424985.81,12.959813412130831,424985.81,3.0,0,"ДЗЗД""ИНФРАСТРУКТУРНИ СТРОЕЖИ",Община Варна,municipality,0,0,240,estimated,"Обособена позиция №4: „Текущ ремонт на пътна и улична мрежа, пътни съоръжения, паркове и елементи на техническата инфраструктура за нуждите на Община Варна на територията на район ""Владислав Варненчик",106246.4525,варна,43.24,27.872
362640,Д24000509ВН,2024-04-26,road_repair,строителство,spring,Q2,4,4,424985.81,12.959813412130831,424985.81,3.0,0,"ДЗЗД""ИНФРАСТРУКТУРНИ СТРОЕЖИ",Община Варна,municipality,0,0,262,estimated,"Обособена позиция №5: „Текущ ремонт на пътна и улична мрежа, пътни съоръжения, паркове и елементи на техническата инфраструктура за нуждите на Община Варна на територията на район ""Аспарухово"", кметст",106246.4525,варна,43.1685,27.97125
362640,Д24000982ВН,2024-04-26,building_repair,строителство,spring,Q2,4,4,1091959.79,13.903485528048924,1091959.79,3.0,0,Хидрострой АД - София пререгистриран от Хидрострой АД,Община Варна,municipality,0,0,412,estimated,"„Основен ремонт на ул. ""Д-р Пискюлиев"" от ул. ""Ангел Кънчев"" до бул. ""Христо Ботев"", по плана на 10-ти м. р., район Одесос, гр. Варна”",272989.9475,варна,43.205,27.9069
362640,Д24001035ВН,2024-07-15,road_repair,строителство,summer,Q3,7,0,1623509.4,14.30010127641767,1623509.4,3.0,0,"ДЗЗД""ИНФРАСТРУКТУРНИ СТРОЕЖИ",Община Варна,municipality,0,0,454,estimated,При изпълнение на поръчката следва да се извърши основен ремонт на общински път VAR 1082 от пътен възел с републикански път I-9 до свлачище „Трифон Зарезан“ и от свлачище „Трифон Зарезан“ до кръстовищ,405877.35,варна,43.183350000000004,27.85455
362640,Д24001236ВН,2024-07-31,road_repair,строителство,summer,Q3,7,2,1418671.95,14.165232450367053,1418671.95,3.0,0,"ДЗЗД""ИНФРАСТРУКТУРНИ СТРОЕЖИ",Община Варна,municipality,0,0,674,estimated,"Основен ремонт на улица към ЮПЗ - Западна наземна връзка от Северен пътен възел (СПВ) на Аспарухов мост до обръщач на Остров пред Петролна база, по плана на южна промишлена зона (ЮПЗ), гр. Варна- I ет",354667.9875,варна,43.15965,27.9717
362640,Д24001201ВН,2024-07-25,building_repair,строителство,summer,Q3,7,3,1348575.93,14.114560468507202,1348575.93,3.0,0,Хидрострой АД - София пререгистриран от Хидрострой АД,Община Варна,municipality,0,0,524,estimated,"„Основен ремонт на ул. ""Капитан Райчо"", по плана на 15-ти м. р., район Младост, гр. Варна”",337143.9825,варна,43.205,27.9069
362640,Д24001235ВН,2024-07-31,road_repair,строителство,summer,Q3,7,2,8226313.86,15.922848703237415,8226313.86,3.0,0,"ДЗЗД""ИНФРАСТРУКТУРНИ СТРОЕЖИ",Община Варна,municipality,0,0,474,estimated,"Основен ремонт общински път VAR1087 /I-9/ кв. Аспарухово - кв. Галата от отбивката за местност Карантината до кръстовището с общински път VAR3089 /I-9, Варна-Приселци/-в.з. Боровец-кв. Галата-в.з. Рак",2056578.465,варна,43.1745,27.96165
362640,Д24001208ВН,2024-07-26,building_repair,строителство,summer,Q3,7,4,476664.56,13.074570391886963,476664.56,1.0,0,Инфра експерт АД,Община Варна,municipality,0,0,397,estimated,"ОП 15: „Основен ремонт на ул. „Кестен“, по плана на с. Тополи, Община Варна“ по проект: „Основен ремонт/реконструкция на улична мрежа в с. Тополи, с. Звездица, с. Каменар, Община Варна“",238332.28,варна,43.25175,27.91305
362640,Д24001207ВН,2024-07-26,building_repair,строителство,summer,Q3,7,4,330909.56,12.709603406365138,330909.56,1.0,0,Инфра експерт АД,Община Варна,municipality,0,0,337,estimated,"ОП 16 „Основен ремонт на ул. „Чинар“, по плана на с. Тополи, Община Варна“ по проект: „Основен ремонт/реконструкция на улична мрежа в с. Тополи, с. Звездица, с. Каменар, Община Варна“",165454.78,варна,43.2483,27.88695
362640,Д24001277ВН,2024-08-07,building_repair,строителство,summer,Q3,8,2,425600.06,12.961257707607974,425600.06,1.0,0,Хидрострой АД - София пререгистриран от Хидрострой АД,Община Варна,municipality,0,0,297,estimated,"Основен ремонт на ул. „Асен Разцветников“ от бул. „Света Елена“ до ул. „Боян Илиев“, по плана на ж. к. „Вл. Варненчик“ 1-ви м. р., район Вл. Варненчик, гр. Варна",212800.03,варна,43.180800000000005,27.94905
362640,Д24001275ВН,2024-08-07,building_repair,строителство,summer,Q3,8,2,441884.21,12.99880542144807,441884.21,1.0,0,Хидрострой АД - София пререгистриран от Хидрострой АД,Община Варна,municipality,0,0,542,estimated,"Основен ремонт на ул. „Георги Минков“ от бул. „Света Елена“ до ул. „Антон Франгя“, по плана на ж. к. „Вл. Варненчик“ 1-ви м. р., район Вл. Варненчик, гр. Варна",220942.105,варна,43.16115,27.92745
362640,Д24001274ВН,2024-08-07,building_repair,строителство,summer,Q3,8,2,1361129.2,14.123825942010244,1361129.2,2.0,0,Хидрострой АД - София пререгистриран от Хидрострой АД,Община Варна,municipality,0,0,718,estimated,"Основен ремонт на бул. „Янко Мустаков“ от бул. „Света Елена“ до бул. „Константин и Фружин“ по плана на ж. к. „Вл. Варненчик“ 3-ти м. р., гр. Варна",453709.73333333334,варна,43.182,27.9765
362640,Д24001276ВН,2024-08-07,building_repair,строителство,summer,Q3,8,2,586099.15,13.28124595839351,586099.15,2.0,0,Хидрострой АД - София пререгистриран от Хидрострой АД,Община Варна,municipality,0,0,482,estimated,"Основен ремонт на ул. “6-ти септември“ от бул. “Света Елена“ до ул. “Боян Илиев“, по плана на ж. к. „Вл. Варненчик“ 1-ви м. р., район Вл. Варненчик, гр. Варна",195366.38333333333,варна,43.18725,27.9666
362640,Д24001525ВН,2024-09-04,building_repair,строителство,autumn,Q3,9,2,141367.16,11.859122830285113,141367.16,2.0,0,Хидрострой АД - София пререгистриран от Хидрострой АД,Община Варна,municipality,0,0,241,estimated,"„Текущ ремонт на ул. ""28-ма"" СО Траката”",47122.386666666665,варна,43.224450000000004,27.8574
362640,Д24001654ВН,2024-09-25,road_repair,строителство,autumn,Q3,9,2,239044.01,12.384407139542297,239044.01,2.0,0,Инфра експерт АД,Община Варна,municipality,0,0,490,estimated,"„Текущ ремонт на общински път VAR 3089 с начална точка 1,810 км от път  І-9 посока „Галата“",79681.33666666667,варна,43.1769,27.8823
362640,Д24001668ВН,2024-09-26,building_repair,строителство,autumn,Q3,9,3,1093769.65,13.905141596475737,1093769.65,3.0,0,Хидрострой АД - София пререгистриран от Хидрострой АД,Община Варна,municipality,0,0,442,estimated,"„Основен ремонт на ул. „Петко Стайнов“, по плана на 26-ти м. р., район Младост, гр. Варна“ по проект: „Основен ремонт/ реконструкция на улична мрежа в район „Младост“, Община Варна“",273442.4125,варна,43.226400000000005,27.870449999999998
362640,Д24001833ВН,2024-10-28,road_repair,строителство,autumn,Q4,10,0,1728943.72,14.363021791916017,1728943.72,2.0,0,Хидрострой АД - София пререгистриран от Хидрострой АД,Община Варна,municipality,0,0,450,estimated,"„Основен ремонт на общински път VAR1082 от км 0+000 (кръстовище с път I-9) до км 1+700 (кръстовище при комплекс „Ривиера“), по плана на к. к. „Златни пясъци“, гр. Варна“ по проект: „Основен ремонт/рек",576314.5733333334,варна,43.2507,27.95625
362640,Д24001832ВН,2024-10-28,building_repair,строителство,autumn,Q4,10,0,794567.42,13.5855543783058,794567.42,2.0,0,Хидрострой АД - София пререгистриран от Хидрострой АД,Община Варна,municipality,0,0,540,estimated,"„Основен ремонт на ул. „Никола Й. Вапцаров“, гр. Варна“ по проект: „Основен ремонт/реконструкция на улична мрежа в район „Приморски“, Община Варна“",264855.8066666667,варна,43.243500000000004,27.9693
362640,Д24001974ВН,2024-11-22,road_repair,строителство,autumn,Q4,11,4,119898.19,11.694406585363096,119898.19,2.0,0,"ДЗЗД""ИНФРАСТРУКТУРНИ СТРОЕЖИ",Община Варна,municipality,0,0,259,estimated,"""Текущ ремонт и поддържане на Републиканските пътища в границите на гр. Варна""",39966.06333333333,варна,43.17825,27.93585
362640,Д24001958ВН,2024-11-19,building_repair,строителство,autumn,Q4,11,1,920389.49,13.73255330462582,920389.49,3.0,0,"ДЗЗД""ИНФРАСТРУКТУРНИ СТРОЕЖИ",Община Варна,municipality,0,0,482,estimated,"„Основен ремонт на ул. “Евлоги Георгиев“ от бул. “Хр. Смирненски“ до ул. “Арх. П. Момилов“, по плана на 24-ти м. р., гр. Варна“ по проект: „Основен ремонт/реконструкция на улична мрежа в район „Примор",230097.3725,варна,43.15965,27.9255
362640,Д24002049ВН,2024-12-11,road_repair,строителство,winter,Q4,12,2,2564436.03,14.75724953101594,2564436.03,2.0,0,"ДЗЗД""ИНФРАСТРУКТУРНИ СТРОЕЖИ",Община Варна,municipality,0,0,505,estimated,"„Основен ремонт на път VAR1085 до вход с. Звездица, Община Варна“",854812.0099999999,варна,43.1571,27.9786
362640,Д24002053ВН,2024-12-11,road_repair,строителство,winter,Q4,12,2,1104507.98,13.914911432184994,1104507.98,2.0,0,"ДЗЗД""ИНФРАСТРУКТУРНИ СТРОЕЖИ",Община Варна,municipality,0,0,842,estimated,"„Основен ремонт на път VAR2033 oт кръстовище с VAR2028 до кръстовище с ул. „Цар Симеон I”, по плана на с. Каменар, Община Варна“",368169.32666666666,варна,43.179300000000005,27.8463
362640,Д24002054ВН,2024-12-11,road_repair,строителство,winter,Q4,12,2,686486.6,13.43934344139047,686486.6,2.0,0,"ДЗЗД""ИНФРАСТРУКТУРНИ СТРОЕЖИ",Община Варна,municipality,0,0,415,estimated,"„Основен ремонт на ул. „Мечтание“ от ул. „Васил Чекаларов“ до улица западно от парк „Младост“, по плана на ж. к. „Младост“ 1-ви м. р., район Младост, гр. Варна“",228828.86666666667,варна,43.2609,27.96945
362640,Д24002048ВН,2024-12-11,building_repair,строителство,winter,Q4,12,2,1701580.0,14.347068376844376,1701580.0,2.0,0,"ДЗЗД""ИНФРАСТРУКТУРНИ СТРОЕЖИ",Община Варна,municipality,0,0,556,estimated,"„Основен ремонт на ул. „Перла“ от бул. „Вл. Варненчик“ до бул. „Д-р Атанас Москов“ по плана на ЗПЗ, гр. Варна“",567193.3333333334,варна,43.2036,27.963449999999998
362640,Д24002050ВН,2024-12-11,building_repair,строителство,winter,Q4,12,2,559681.51,13.235124955507864,559681.51,2.0,0,"ДЗЗД""ИНФРАСТРУКТУРНИ СТРОЕЖИ",Община Варна,municipality,0,0,486,estimated,"„Основен ремонт на ул. „Цар Симеон I“ от ул. “Цар Асен“ до „Общински приют за безстопанствени кучета“ – гр. Варна, по плана на с. Каменар, Община Варна, етап I - от км 0+000 до км 0+560“",186560.50333333333,варна,43.22055,27.9594
362640,Д24002052ВН,2024-12-11,building_repair,строителство,winter,Q4,12,2,2557189.26,14.754419659014022,2557189.26,2.0,0,"ДЗЗД""ИНФРАСТРУКТУРНИ СТРОЕЖИ",Община Варна,municipality,0,0,789,estimated,"„Основен ремонт на ул. “Младежка“ в участъка от бул. “Република“ до ул. “Тихомир“, вкл. ремонт на пешеходен подлез при сп. „Драгаш“ и транспортно съоръжение – автомобилен надлез над Елпромско дере, по",852396.4199999999,варна,43.158,27.90315
362640,Д24002051ВН,2024-12-11,building_repair,строителство,winter,Q4,12,2,728102.85,13.498198968104024,728102.85,2.0,0,"ДЗЗД""ИНФРАСТРУКТУРНИ СТРОЕЖИ",Община Варна,municipality,0,0,422,estimated,"„Основен ремонт на ул. “Поп Димитър“ от бул. “Цар Освободител“ до о. т. 255, по плана на ж. к. „Възраждане“ 3-ти м. р., район Младост, гр. Варна“",242700.94999999998,варна,43.2336,27.8661
374167,Д24000306ВН,2024-03-25,construction,услуги,spring,Q1,3,0,57720.0,10.963376337755056,57720.0,1.0,0,СПАТО ООД,Община Варна,municipality,0,0,235,estimated,"„Изготвяне на технически проект за обект: „Рехабилитация, модернизация и изграждане на интелигентна система за управление и мониторинг на системата за външно изкуствено осветление в ж.к. „Чайка“...",28860.0,варна,43.2348,27.84945
374167,Д24000923ВН,2024-06-28,other,услуги,summer,Q2,6,4,195320.0,12.18239963796589,195320.0,4.0,0,Трафик холдинг ЕООД (ново наименование) Трафикконсулт БГ  ЕООД (старо наименование),Община Варна,municipality,0,0,281,estimated,"„Изготвяне на инвестиционен проект за обект: „Благоустрояване на междублоково пространство и прилежащата улична мрежа между бул. ""Христо Смирненски"", ул. ""Васил Ставрев"", ул. ""Д-р Басанович"", бул. ""Ва",39064.0,варна,43.215,27.925
374167,Д24000931ВН,2024-06-28,road_repair,услуги,summer,Q2,6,4,80936.0,11.301426353250735,80936.0,4.0,0,Бул Строй Консулт Варна ЕООД,Община Варна,municipality,0,0,38,estimated,"„Изготвяне на инвестиционен проект за обект: „Основен ремонт на общински път VAR2086/III-2902/Куманово-граница общ. (Варна-Аксаково)-Каменар/VAR2033/, Община Варна“",16187.2,варна,43.2639,27.97695
374167,Д24000922ВН,2024-06-28,parking_lot,услуги,summer,Q2,6,4,64616.0,11.076232813045465,64616.0,4.0,0,Дизайн експерт ПРО ЕООД,Община Варна,municipality,0,0,211,estimated,"„Изготвяне на инвестиционен проект за обект: „Парк „Младост 1“ в ПИ 10135.3512.48 по плана на I-ви м. р. на ж. к. Младост, гр. Варна“",12923.2,варна,43.1736,27.8622
374167,Д24000933ВН,2024-06-28,building_repair,услуги,summer,Q2,6,4,48470.0,10.788720959944941,48470.0,5.0,0,Инжконсултпроект ООД,Община Варна,municipality,0,0,211,estimated,"„Изготвяне на инвестиционен проект за обект: „Основен ремонт на ул. ""Отец Паисий"", по плана на 13-ти м. р. и 14-ти м. р., район ""Одесос"", гр. Варна“",8078.333333333333,варна,43.208,27.918
374167,Д24001298ВН,2024-08-12,construction,услуги,summer,Q3,8,0,2060.0,7.630946580890459,2060.0,1.0,0,СПАТО ООД,Община Варна,municipality,0,0,235,estimated,"„Изготвяне на технически проект за обект: „Рехабилитация, модернизация и изграждане на интелигентна система за управление и мониторинг на системата за външно изкуствено осветление в ж.к. „Чайка“...",1030.0,варна,43.1709,27.89595
374167,Д24001299ВН,2024-08-12,building_repair,услуги,summer,Q3,8,0,68034.6,11.127786376576298,68034.6,1.0,0,АГОРА 66 ООД,Община Варна,municipality,0,0,214,estimated,"„Изработване на инвестиционен проект в техническа фаза за обект: „Черноморски младежки център, реконструкция и основен ремонт на съществуващата сграда, находяща се в УПИ І-1704 „Професионална гимназия",34017.3,варна,43.21815,27.8868
376487,Д24000226ВН,2024-03-07,other,услуги,spring,Q1,3,3,1102.0,7.005789019253503,1102.0,2.0,0,Ив Консулт ЕООД,Община Варна,municipality,0,0,362,estimated,„Извършване на геодезически услуги за два обекта за нуждите на община Варна“,367.3333333333333,варна,43.20255,27.9294
376487,Д24000272ВН,2024-03-14,other,услуги,spring,Q1,3,3,1325.25,7.190110689928193,1325.25,1.0,0,Стомил 91 ООД,Община Варна,municipality,0,0,362,estimated,„Извършване на геодезически услуги за два обекта за нуждите на община Варна“,662.625,варна,43.26525,27.9546
376487,Д24000625ВН,2024-05-22,other,услуги,spring,Q2,5,2,148.0,5.003946305945459,148.0,1.0,0,Стомил 91 ООД,Община Варна,municipality,0,0,199,estimated,"„Извършване на дейности по заснемане и изработване на проект по изменение на КК на район „Приморски“ за отразяване на обект: „Нов корпус с физкултурен салон към VІІ СУ „Найден Геров“, находящ се в УПИ",74.0,варна,43.152300000000004,27.86235
376487,Д24000981ВН,2024-07-04,other,услуги,summer,Q3,7,3,695.18,6.545608247587509,695.18,1.0,0,Ив Консулт ЕООД,Община Варна,municipality,0,0,201,estimated,„Извършване на геодезически услуги за един обект за нуждите на община Варна“,347.59,варна,43.15245,27.87615
376487,Д24000979ВН,2024-07-04,parking_lot,услуги,summer,Q3,7,3,51441.5,10.848219958041586,51441.5,1.0,0,Ив Консулт ЕООД,Община Варна,municipality,0,0,191,estimated,„Създаване на специализирана карта за устройствено планиране в цифров и графичен вид на ж.к. Бриз - юг на гр. Варна и част от  Княз Борис I от бул. Васил. Левски до кръговото към Приморски парк“,25720.75,варна,43.21,27.925
376494,Д24002040ВН,2024-12-10,road_repair,услуги,winter,Q4,12,1,400000.0,12.899222326086994,400000.0,1.0,0,ДЗЗД ЗМБГ,Община Варна,municipality,0,0,267,estimated,"„Зимно поддържане на пътища, улици и булеварди на територията на район „Аспарухово“, кметство Константиново и кметство Звездица при Община Варна за зимен сезон 2024/2025“",200000.0,варна,43.18515,27.88785
376568,Д23002049ВН,2023-12-22,other,доставки,winter,Q4,12,4,22000.0,9.99884318585288,22000.0,1.0,0,СМАРТ БИЗНЕС КЪМПАНИ ЕООД  - гр. Габрово,Община Варна,municipality,0,0,43,estimated,„Доставка на работно облекло и обувки за нуждите на “Домашен социален патронаж“ при Община Варна“,11000.0,варна,43.19325,27.87705
376568,Д24000626ВН,2024-05-22,other,доставки,spring,Q2,5,2,3333.34,8.112030037715252,3333.34,1.0,0,СМАРТ БИЗНЕС КЪМПАНИ ЕООД  - гр. Габрово,Община Варна,municipality,0,0,76,estimated,„Доставка на работно облекло и обувки за нуждите на ДЦПЛТМУ към КСУДПЛУ „Св. Йоан Златоуст“ при община Варна“,1666.67,варна,43.2558,27.8742
376568,Д24000627ВН,2024-05-22,other,доставки,spring,Q2,5,2,26899.0,10.19988156558993,26899.0,1.0,0,СМАРТ БИЗНЕС КЪМПАНИ ЕООД  - гр. Габрово,Община Варна,municipality,0,0,75,estimated,„Доставка на работно облекло и обувки за нуждите на служители в здравни кабинети в детски и учебни заведения на територията на Община Варна“,13449.5,варна,43.275,27.9555
376801,Д24000365ВН,2024-04-04,sports_facility,доставки,spring,Q2,4,3,1200.0,7.0909098220799835,1200.0,1.0,0,СМАРТ БИЗНЕС КЪМПАНИ ЕООД  - гр. Габрово,Община Варна,municipality,0,0,80,estimated,„Доставка на лични предпазни средства за нуждите на Общинско предприятие „Спорт-Варна” при община Варна“,600.0,варна,43.22085,27.88455
376801,Д24000787ВН,2024-06-12,other,доставки,summer,Q2,6,2,2000.0,7.601402334583733,2000.0,1.0,0,СМАРТ БИЗНЕС КЪМПАНИ ЕООД  - гр. Габрово,Община Варна,municipality,0,0,86,estimated,„Доставка на лични предпазни средства за нуждите на Дирекция „УСКОР“ при община Варна“,1000.0,варна,43.179,27.84855
376801,Д24000786ВН,2024-06-12,other,доставки,summer,Q2,6,2,6000.0,8.699681400989514,6000.0,1.0,0,СМАРТ БИЗНЕС КЪМПАНИ ЕООД  - гр. Габрово,Община Варна,municipality,0,0,54,estimated,„Доставка на лични предпазни средства за нуждите на ОП „Комплекс за детско хранене” при община Варна“,3000.0,варна,43.210950000000004,27.94425
376988,Д24001717ВН,2024-10-07,parking_lot,услуги,autumn,Q4,10,0,150000.0,11.918397239722838,150000.0,1.0,0,ПОЛИ ЙОРД ЕООД гр. Варна,Община Варна,municipality,0,0,232,estimated,"Премахване на преместваеми обекти, елементите на градското обзавеждане, рекламни, информационни и монументално-декоративни елементи, неправомерно поставени антипаркингови устройства и съоръжения....",75000.0,варна,43.2648,27.9237
377093,Д24000281ВН,2024-03-15,construction,услуги,spring,Q1,3,4,625265.71,13.345933573692626,625265.71,1.0,0,Ланд дизайн ЕООД,Община Варна,municipality,0,0,110,estimated,"„Представително поддържане и изграждане на зелени площи, резитба и отсичане на дървета на територията на Община Варна за 2024 година“",312632.855,варна,43.15365,27.86985
377093,Д24000280ВН,2024-03-15,construction,услуги,spring,Q1,3,4,305185.74,12.628679130528543,305185.74,2.0,0,"Калея Трейд ЕООД /старо наименование: ДМ Строй БГ ЕООД,/ гр. Варна",Община Варна,municipality,0,0,349,estimated,"„Паркоустрояване-поддържане и изграждане на зелени площи, резитба и отсичане на дървета на територията на Район ""Аспарухово"", кметство Звездица и кметство Константиново, Община Варна за 2024 година“",101728.58,варна,43.14,27.87075
377093,Д24000282ВН,2024-03-15,construction,услуги,spring,Q1,3,4,384087.41,12.858628039444998,384087.41,2.0,0,Никман Канал сервиз ЕООД,Община Варна,municipality,0,0,246,estimated,"„Паркоустрояване-поддържане и изграждане на зелени площи, резитба и отсичане на дървета на територията на Район ""Владислав Варненчик"", кметство Тополи и кметство Казашко, Община Варна за 2024 година“",128029.13666666666,варна,43.177350000000004,27.98625
377093,Д24000279ВН,2024-03-15,construction,услуги,spring,Q1,3,4,594288.34,13.295121584125061,594288.34,2.0,0,НЕМ Комерс ЕООД,Община Варна,municipality,0,0,363,estimated,"„Паркоустрояване-поддържане и изграждане на зелени площи, резитба и отсичане на дървета на територията на Район ""Младост"" и кметство  Каменар, Община Варна за 2024 година“",198096.1133333333,варна,43.2267,27.95265
377093,Д24000277ВН,2024-03-15,construction,услуги,spring,Q1,3,4,470382.1,13.061302748050421,470382.1,2.0,0,Вирида 1 ЕООД,Община Варна,municipality,0,0,166,estimated,"„Паркоустрояване-поддържане и изграждане на зелени площи, резитба и отсичане на дървета на територията на Район ""Одесос"", Община Варна за 2024 година“",156794.03333333333,варна,43.273050000000005,27.84375
377093,Д24000278ВН,2024-03-15,construction,услуги,spring,Q1,3,4,466343.98,13.052680939649768,466343.98,2.0,0,Никман Канал сервиз ЕООД,Община Варна,municipality,0,0,336,estimated,"„Паркоустрояване-поддържане и изграждане на зелени площи, резитба и отсичане на дървета на територията на Район ""Приморски 1"", Община Варна за 2024 година“",155447.99333333332,варна,43.171350000000004,27.96435
377093,Д24000283ВН,2024-03-15,construction,услуги,spring,Q1,3,4,164089.48,12.00817326198888,164089.48,2.0,0,Никман Канал сервиз ЕООД,Община Варна,municipality,0,0,253,estimated,"„Паркоустрояване-поддържане и изграждане на зелени площи, резитба и отсичане на дървета на територията на Район ""Приморски 2"", Община Варна за 2024 година“",54696.49333333334,варна,43.28595,27.85425
377093,Д24001203ВН,2024-07-25,other,услуги,summer,Q3,7,3,6668.32,8.805273184687026,6668.32,1.0,0,Вирида 1 ЕООД,Община Варна,municipality,0,0,315,estimated,"„Довършителни дейности по поддържане на засадени през 2023г. стандартни средноразмерни декоративни дървета на територията на район “Аспарухово“, кметство Звездица и кметство Константиново, Община Варн",3334.16,варна,43.27245,27.88815
377093,Д24001202ВН,2024-07-25,other,услуги,summer,Q3,7,3,5640.0,8.637816633739977,5640.0,1.0,0,НЕМ Комерс ЕООД,Община Варна,municipality,0,0,226,estimated,"„Довършителни дейности по поддържане на засадени през 2023г. стандартни средноразмерни декоративни дървета на територията район “Младост“ и кметство Каменар, Община Варна“",2820.0,варна,43.1856,27.9057
377093,Д24001960ВН,2024-11-19,construction,услуги,autumn,Q4,11,1,33332.58,10.414320576274738,33332.58,1.0,0,Вирида 1 ЕООД,Община Варна,municipality,0,0,418,estimated,"„Паркоустрояване-поддържане и изграждане на зелени площи, резитба и отсичане на дървета на територията на Район ""Аспарухово"", кметство Звездица и кметство Константиново, Община Варна за 2024 година“",16666.29,варна,43.182,27.91245
377093,Д24001956ВН,2024-11-19,construction,услуги,autumn,Q4,11,1,45570.88,10.727046138618718,45570.88,1.0,0,НЕМ Комерс ЕООД,Община Варна,municipality,0,0,435,estimated,"„Паркоустрояване-поддържане и изграждане на зелени площи, резитба и отсичане на дървета на територията на Район ""Младост"" и кметство  Каменар, Община Варна за 2024 година“",22785.44,варна,43.22505,27.97425
377093,Д24001955ВН,2024-11-19,construction,услуги,autumn,Q4,11,1,63425.89,11.05764318299867,63425.89,1.0,0,Ланд дизайн ЕООД,Община Варна,municipality,0,0,132,estimated,"„Представително поддържане и изграждане на зелени площи, резитба и отсичане на дървета на територията на Община Варна за 2024 година“",31712.945,варна,43.26975,27.9732
377093,Д24001954ВН,2024-11-19,construction,услуги,autumn,Q4,11,1,33246.2,10.41172583201178,33246.2,2.0,0,Никман Канал сервиз ЕООД,Община Варна,municipality,0,0,295,estimated,"„Паркоустрояване-поддържане и изграждане на зелени площи, резитба и отсичане на дървета на територията на Район ""Владислав Варненчик"", кметство Тополи и кметство Казашко, Община Варна за 2024 година“",11082.066666666666,варна,43.2843,27.9717
377093,Д24001959ВН,2024-11-19,construction,услуги,autumn,Q4,11,1,39405.29,10.581680727214222,39405.29,2.0,0,ПОЛИ ЙОРД ЕООД гр. Варна,Община Варна,municipality,0,0,199,estimated,"„Паркоустрояване-поддържане и изграждане на зелени площи, резитба и отсичане на дървета на територията на Район ""Одесос"", Община Варна за 2024 година“",13135.096666666666,варна,43.25925,27.852
377093,Д24001953ВН,2024-11-19,construction,услуги,autumn,Q4,11,1,37496.38,10.532026342851045,37496.38,2.0,0,Никман Канал сервиз ЕООД,Община Варна,municipality,0,0,403,estimated,"„Паркоустрояване-поддържане и изграждане на зелени площи, резитба и отсичане на дървета на територията на Район ""Приморски 1"", Община Варна за 2024 година“",12498.793333333333,варна,43.19295,27.9381
377093,Д24001952ВН,2024-11-19,construction,услуги,autumn,Q4,11,1,12499.28,9.433506323039516,12499.28,2.0,0,Никман Канал сервиз ЕООД,Община Варна,municipality,0,0,303,estimated,"„Паркоустрояване-поддържане и изграждане на зелени площи, резитба и отсичане на дървета на територията на Район ""Приморски 2"", Община Варна за 2024 година“",4166.426666666667,варна,43.146300000000004,27.8676
382815,409,2023-12-11,construction,строителство,winter,Q4,12,0,58934.63,10.984201110346472,58934.63,1.0,0,Проинвест строй  ЕООД - старо наименование Проинвестстрой,Община Козлодуй,municipality,0,0,291,estimated,"„Изграждане на детска площадка в УПИ I, кв. 345 по плана на гр. Козлодуй”",29467.315,козлодуй,43.7836,23.7292
382815,410,2023-12-11,construction,строителство,winter,Q4,12,0,74489.03,11.218420569908863,74489.03,1.0,0,Проинвест строй  ЕООД - старо наименование Проинвестстрой,Община Козлодуй,municipality,0,0,228,estimated,"„Изграждане на детска площадка в УПИ VIII, кв. 49 по плана на гр. Козлодуй”",37244.515,козлодуй,43.7836,23.7292
382815,411,2023-12-11,reconstruction,строителство,winter,Q4,12,0,47776.06,10.77430088696486,47776.06,1.0,0,Проинвест строй  ЕООД - старо наименование Проинвестстрой,Община Козлодуй,municipality,0,0,207,estimated,"„Реконструкция на съществуваща детска площадка в УПИ I, кв. 12 по плана на с. Гложене, Община Козлодуй""",23888.03,козлодуй,43.7836,23.7292
332276,218,2020-11-13,other,строителство,autumn,Q4,11,4,907655.44,13.71862121593937,907655.44,2.0,0,Сиенит строителна група АД - гр. Пловдив,"Община Марица, област Пловдив",municipality,0,0,519,estimated,,302551.8133333333,марица,42.1305,24.6873
380553,38-113,2024-05-28,building_repair,строителство,spring,Q2,5,1,599501.14,13.303854823084702,599501.14,1.0,0,Алфа билд инженеринг ЕООД,Община Угърчин,municipality,0,0,393,estimated,"„Реконструкция на главен колектор I – ремонт на ревизионни шахти и пропадания, включващ участъци 1,2,3,4 и 5“",299750.57,угърчин,43.06745,24.4578
380553,72-114,2024-09-13,building_repair,строителство,autumn,Q3,9,4,61262.61,11.022941307804935,61262.61,1.0,0,Алфа билд инженеринг ЕООД,Община Угърчин,municipality,0,0,92,estimated,"„Ремонт на покриви на сгради публична общинска собственост""",30631.305,угърчин,43.090250000000005,24.401999999999997
379565,ДОП-93,2024-06-10,road_repair,строителство,summer,Q2,6,0,162429.61,11.998006174170282,162429.61,1.0,0,Хидрострой АД - София пререгистриран от Хидрострой АД,Община град Добрич,municipality,0,0,538,estimated,"„Текущ ремонт за отстраняване на повреди по настилката на общински пътища DOB2114 и DOB1085“, финансирани със средства отпуснати по ПМС №13 от 29.01.2024 г.",81214.805,добрич,43.6338,27.7838
379565,ДОП-142,2024-09-02,other,строителство,autumn,Q3,9,0,1666657.01,14.326330987716776,1666657.01,1.0,0,Хидрострой АД - София пререгистриран от Хидрострой АД,Община град Добрич,municipality,0,0,618,estimated,,833328.505,добрич,43.53585,27.7664
379565,ДОП-141,2024-08-28,building_repair,строителство,summer,Q3,8,2,604990.19,13.31296917492348,604990.19,1.0,0,ДЗЗД Добрич 2020,Община град Добрич,municipality,0,0,343,estimated,„Основен ремонт на ул. „Любен Каравелов“ и ул. „Сан Стефано“,302495.095,добрич,43.5726,27.8273
379759,ДОП-14,2024-01-31,construction,строителство,winter,Q1,1,2,209992.64,12.254832523526698,209992.64,1.0,0,Хая-С ООД,Община град Добрич,municipality,0,0,618,estimated,"Изграждане на нова детска площадка на открито в кв. Рилци, гр. Добрич",104996.32,добрич,43.5726,27.8273
379759,ДОП-15,2024-01-31,building_repair,строителство,winter,Q1,1,2,50826.72,10.836197154034561,50826.72,1.0,0,Хая-С ООД,Община град Добрич,municipality,0,0,198,estimated,"Основен ремонт на детска площадка в Градски парк „Свети Георги“, гр. Добрич",25413.36,добрич,43.62825,27.8393
382275,РД-05-2-1,2023-12-21,other,услуги,winter,Q4,12,3,6732.77,8.814890444103568,6732.77,1.0,0,ДЗЗД Балнеология БГ,Специализирани болници за рехабилитация - Национален комплекс /СБР - НК/ ЕАД - София,utility,0,0,108,estimated,Извършване на конструктивно обследване за установяване на фактическото състояние на носещите конструкции на съществуващи сгради и да се предпишат действия гарантиращи надеждна и дългосрочна експлоатац,3366.385,софия,42.7622,23.324749999999998
382275,РД-05-2-2,2024-01-30,construction,услуги,winter,Q1,1,1,60637.5,11.012685283862552,60637.5,1.0,0,ДЗЗД Балнеология БГ,Специализирани болници за рехабилитация - Национален комплекс /СБР - НК/ ЕАД - София,utility,0,0,430,estimated,Предпроектни и обемно-устройствени проучвания за възможността за разширяване на базата за настаняване на пациенти и изготвяне на технически проекти за изграждане на сгради с болничните стаи от категор,30318.75,софия,42.6734,23.27585
382275,РД-05-2-3,2024-11-13,other,услуги,autumn,Q4,11,2,8720.31,9.073524734977523,8720.31,1.0,0,ДЗЗД Балнеология БГ,Специализирани болници за рехабилитация - Национален комплекс /СБР - НК/ ЕАД - София,utility,0,0,128,estimated,"Проектиране  на  вентилационна  инсталация /механична  общообменна вентилация/ на обществена пералня, сграда с идентификатор 57491.501.270.21, находяща се в ПИ с идентификационен  номер 57491.501.270",4360.155,софия,42.67595,23.352349999999998
382565,РД-05-28-1,2024-04-30,other,доставки,spring,Q2,4,1,164279.6,12.009331220364775,164279.6,1.0,0,Ен Ер Джи Софт ЕООД - гр. Русе,Специализирани болници за рехабилитация - Национален комплекс /СБР - НК/ ЕАД - София,utility,0,0,85,estimated,"Доставка и инсталиране на пожароизвестителна система в СБР-НК ЕАД, филиал Момин проход за обект 1: Стационар за възрастни и обект 2: Стационар за деца",82139.8,софия,42.73865,23.30855
382565,РД-05-28-2,2024-10-10,other,доставки,autumn,Q4,10,3,133000.0,11.798111925972618,133000.0,1.0,0,Ен Ер Джи Софт ЕООД - гр. Русе,Специализирани болници за рехабилитация - Национален комплекс /СБР - НК/ ЕАД - София,utility,0,0,85,estimated,"Доставка и инсталиране на пожароизвестителна система в СБР-НК ЕАД, филиал Момин проход за обект 1: Стационар за възрастни и обект 2: Стационар за деца",66500.0,софия,42.75125,23.3681
379045,Д-82,2022-04-11,reconstruction,строителство,spring,Q2,4,0,114127.0,11.64507590451782,114127.0,2.0,0,Родис – Р ЕООД,Топлофикация - Русе ЕАД,utility,0,0,445,estimated,"Реконструкция на прахови бункери 5 А/Б, по техническо задание и чертежи",38042.333333333336,русе,43.90605,26.01665
381084,Д-45,2022-03-02,other,доставки,spring,Q1,3,2,68550.0,11.135333272776109,68550.0,0.0,0,Метал груп елит ЕООД,Топлофикация - Русе ЕАД,utility,0,0,17,estimated,"Изработка и доставка на шлаков възел, по техническо задание и конструктивна документация",68550.0,русе,43.878899999999994,26.02385
375743,152000118,2025-01-09,other,доставки,winter,Q1,1,3,20500.0,9.928228944424575,20500.0,1.0,0,СИТЕРМ - ИНЖЕНЕРИНГ ЕООД,"""АЕЦ Козлодуй"" ЕАД, гр. Козлодуй",utility,0,0,9,estimated,"Доставка на резервни части и консумативи, производство на EFCO MASCHINENBAU GMBH",10250.0,козлодуй,43.73515,23.801199999999998
354749,010-25-PPL,2025-06-05,other,доставки,summer,Q2,6,3,0.1,0.09531017980432487,0.1,1.0,0,ЕКО АКВА ПУР ООД,"""Ей и Ес - 3С Марица изток I"" ЕООД",other,0,0,12,estimated,Доставка на химикали за корекционна обработка на водните системи в ТЕЦ Ей И Ес – 3С Марица Изток I,0.05,марица,42.096599999999995,24.69045
354749,006-25-PPL,2025-04-08,other,доставки,spring,Q2,4,1,0.1,0.09531017980432487,0.1,3.0,0,Хим Комерс 2009 ЕООД,"""Ей и Ес - 3С Марица изток I"" ЕООД",other,0,0,9,estimated,"Доставка на ферихлорид [FeCI3], течен, 40%",0.025,марица,42.20475,24.69675
354749,005-25-PPL,2025-04-09,other,доставки,spring,Q2,4,2,0.1,0.09531017980432487,0.1,1.0,0,Калцит АД,"""Ей и Ес - 3С Марица изток I"" ЕООД",other,0,0,49,estimated,Доставка на хидратна вар [Са(ОН)2],0.05,марица,42.13425,24.69705
354749,011-25-PPL,2025-04-09,other,доставки,spring,Q2,4,2,0.1,0.09531017980432487,0.1,2.0,0,Актуал индъстрис ООД,"""Ей и Ес - 3С Марица изток I"" ЕООД",other,0,0,67,estimated,Доставката на флокулант за избистряне на индустриални води,0.03333333333333333,марица,42.213,24.68475
354749,008-25-PL,2025-04-10,other,доставки,spring,Q2,4,3,0.1,0.09531017980432487,0.1,2.0,0,Химтекс ООД,"""Ей и Ес - 3С Марица изток I"" ЕООД",other,0,0,80,estimated,Доставка на натриев хипохлорит [NaClO],0.03333333333333333,марица,42.17085,24.7911
354749,007-25-PPL,2025-04-10,other,доставки,spring,Q2,4,3,0.1,0.09531017980432487,0.1,3.0,0,Химтекс ООД,"""Ей и Ес - 3С Марица изток I"" ЕООД",other,0,0,53,estimated,Доставка на сярна киселина[H2SO4],0.025,марица,42.1197,24.75645
354749,004-25-PPL,2025-04-14,other,доставки,spring,Q2,4,0,0.1,0.09531017980432487,0.1,2.0,0,ИНДУСТРИАЛКОМПЛЕКТ АД - гр. Пловдив,"""Ей и Ес - 3С Марица изток I"" ЕООД",other,0,0,74,estimated,Доставка на натриев карбонат [Na2CO3] Калцинирана сода – лека,0.03333333333333333,марица,42.11955,24.79695
354749,009-25-PPL,2025-04-15,other,доставки,spring,Q2,4,1,0.1,0.09531017980432487,0.1,2.0,0,Континвест ООД - София /старо наименование Континвест ЕООД,"""Ей и Ес - 3С Марица изток I"" ЕООД",other,0,0,40,estimated,"Доставка на натриева основа [NaOН], течна, 50%",0.03333333333333333,марица,42.109049999999996,24.77925
354749,012-25-PPL,2025-04-22,other,доставки,spring,Q2,4,1,0.1,0.09531017980432487,0.1,1.0,0,Хах Ланге ЕООД - София /старо наименование - Хах Ланге ООД/,"""Ей и Ес - 3С Марица изток I"" ЕООД",other,0,0,39,estimated,Доставка на лабораторни химикали за работа с наличното оборудване на фирма НАСН,0.05,марица,42.130649999999996,24.78255
366269,32,2025-01-22,other,доставки,winter,Q1,1,2,7931833.64,15.886394921203307,7931833.64,3.0,0,Контракс АД  - старо - Контракс ЕАД,"""Електроразпределителни мрежи Запад"" АД  /предишно наименование - ЧЕЗ Разпределение България АД /;   /предишно наименование Електроразпределение - Столично АД/",other,0,0,19,estimated,"„Доставка и монтаж на концентратори, електромери и модеми, оперативно съвместими със съществуващата система за дистанционно отчитане на електромери - ZTE Power Em Universal Energy Management System, и",1982958.41,неизвестен,42.6671,25.3009
366269,31,2025-01-22,other,доставки,winter,Q1,1,2,7891390.8,15.881283077772288,7891390.8,3.0,0,А1 България ЕАД  /старо Мобилтел ЕАД/,"""Електроразпределителни мрежи Запад"" АД  /предишно наименование - ЧЕЗ Разпределение България АД /;   /предишно наименование Електроразпределение - Столично АД/",other,0,0,19,estimated,"„Доставка и монтаж на концентратори, електромери и модеми, оперативно съвместими със съществуващата система за дистанционно отчитане на електромери - ZTE Power Em Universal Energy Management System, и",1972847.7,неизвестен,42.6455,25.34785
366269,51,2025-01-31,other,доставки,winter,Q1,1,4,7944881.35,15.888038549787932,7944881.35,3.0,0,Дейзи Технолоджи EООД,"""Електроразпределителни мрежи Запад"" АД  /предишно наименование - ЧЕЗ Разпределение България АД /;   /предишно наименование Електроразпределение - Столично АД/",other,0,0,37,estimated,"""Доставка и монтаж на концентратори, електромери и модеми, оперативно съвместими със съществуващата система за дистанционно отчитане на електромери -  ""ZTE Power Em Universal  Energy Management System",1986220.3375,неизвестен,42.700399999999995,25.24945
382351,7,2021-02-15,reconstruction,строителство,winter,Q1,2,0,10774539.37,16.19269653596768,10774539.37,3.0,0,Кристална вода АД,Водоснабдяване и канализация /В и К/ ООД - Кърджали,other,0,0,741,estimated,"Инженеринг на обект „Реконструкция и модернизация на Пречиствателна станция за питейни води „Енчец“, гр. Кърджали“, съгласно договорните условия на ФИДИК – жълта книга",2693634.8425,кърджали,41.56435,25.43175
382670,3282оп-256,2025-03-11,other,услуги,spring,Q1,3,1,125000.0,11.736077016252437,125000.0,1.0,0,Контракс АД  - старо - Контракс ЕАД,"Главна дирекция ""Гранична полиция"" /ГДГП/ към Министерство на вътрешните работи /МВР/",state,0,0,327,estimated,„Следгаранционна поддръжка на автоматизирана система за техническо наблюдение на българо-сръбската граница в района на ГПУ-Калотина”.,62500.0,неизвестен,42.68615,25.39285
376766,МЕР-ПЛ-ДОГ-11,2025-06-10,other,строителство,summer,Q2,6,1,64880.0,11.080310101740798,64880.0,5.0,0,КМД Инженеринг ЕООД,Електроенергиен системен оператор /ЕСО/ ЕАД,utility,0,0,103,estimated,"доставка на оборудване и помощни материали, монтаж, настройка и въвеждане в експлоатация на системите",10813.333333333334,неизвестен,42.65405,25.3009
357220,УД-03-69,2024-12-18,other,услуги,winter,Q4,12,2,3031.08,8.017004131638453,3031.08,1.0,0,„Йотов и син България“ ООД,Министерство на отбраната /МО/,state,0,0,177,estimated,Осигуряване на летателната годност на самолети L-39ZA,1515.54,неизвестен,42.62855,25.28185
376498,04-65,2025-11-10,other,услуги,autumn,Q4,11,0,1660256.67,14.322483371178466,1660256.67,2.0,0,ТМС Ко ООД,Министерство на отбраната /МО/,state,0,0,339,estimated,,553418.89,неизвестен,42.66755,25.33225
379858,602,2024-12-17,building_repair,услуги,winter,Q4,12,1,9999.9,9.210430367926426,9999.9,1.0,0,"Тога 2008 ООД, гр. Добрич",Община Аксаково,municipality,0,0,195,estimated,"Изработване на проектна документация и осъществяване авторски надзор за обект: „Основен ремонт и естетизиране на детски площадки в ДГ ""Мир“, УПИ II ""детска градина"", кв. 6 по плана на гр. Игнатиево",4999.95,аксаково,43.2544,27.8172
379858,509,2024-10-30,kindergarten,услуги,autumn,Q4,10,2,81570.0,11.309229085628576,81570.0,1.0,0,ДЗЗД Иноватор 2020 Варна,Община Аксаково,municipality,0,0,175,estimated,"„Изготвяне на комплексен проект за инвестиционна инициатива вкл. ПУП-ПЗ за „Детска градина“ в УПИ III – „детско заведение, кв.22 по плана на с. Л. Каравелово, общ. Аксаково и осъщ. на авторски надзор""",40785.0,аксаково,43.2544,27.8172
379858,329,2025-06-30,road_repair,услуги,summer,Q2,6,0,28540.0,10.259096928959389,28540.0,2.0,0,Инжконсултпроект ООД,Община Аксаково,municipality,0,0,187,estimated,Изготвяне на  технически проект и осъществяване на авторски надзор за обект :  „Рехабилитация и реконструкция на  път  VAR2086 / ІІІ - 2902 / Куманово -  териториална граница общ. ( Варна - Аксаково ),9513.333333333334,аксаково,43.233399999999996,27.819
362640,Д24002058ВН,2024-12-12,building_repair,строителство,winter,Q4,12,3,160276.44,11.984661592573612,160276.44,2.0,0,Хидрострой АД - София пререгистриран от Хидрострой АД,Община Варна,municipality,0,0,220,estimated,"„Текущ ремонт на ул. ""14-та"" СО „Траката““",53425.48,варна,43.232400000000005,27.86445
362640,Д25000151ВН,2025-02-07,road_repair,строителство,winter,Q1,2,4,566612.47,13.247432639481074,566612.47,3.0,0,"ДЗЗД""ИНФРАСТРУКТУРНИ СТРОЕЖИ",Община Варна,municipality,0,0,540,estimated,"Обособена позиция №1: „Текущ ремонт на пътна и улична мрежа, пътни съоръжения, паркове и елементи на техническата инфраструктура за нуждите на Община Варна на територията на район ""Одесос"" за 2025г.“",141653.1175,варна,43.230000000000004,27.9726
362640,Д25000143ВН,2025-02-07,road_repair,строителство,winter,Q1,2,4,608264.23,13.318366299378742,608264.23,3.0,0,Инфра експерт АД,Община Варна,municipality,0,0,594,estimated,"Обособена позиция №2: „Текущ ремонт на пътна и улична мрежа, пътни съоръжения, паркове и елементи на техническата инфраструктура за нуждите на Община Варна на територията на район ""Приморски"" за 2025г",152066.0575,варна,43.1676,27.9732
362640,Д25000144ВН,2025-02-07,road_repair,строителство,winter,Q1,2,4,524971.2,13.171100587790782,524971.2,3.0,0,Хидрострой АД - София пререгистриран от Хидрострой АД,Община Варна,municipality,0,0,579,estimated,"Обособена позиция №3: „Текущ ремонт на пътна и улична мрежа, пътни съоръжения, паркове и елементи на техническата инфраструктура за нуждите на Община Варна на територията на район ""Младост"" и кметство",131242.8,варна,43.18095,27.98865
362640,Д25000146ВН,2025-02-07,road_repair,строителство,winter,Q1,2,4,483301.79,13.088398630628431,483301.79,3.0,0,Хидрострой АД - София пререгистриран от Хидрострой АД,Община Варна,municipality,0,0,288,estimated,"Обособена позиция №4: „Текущ ремонт на пътна и улична мрежа, пътни съоръжения, паркове и елементи на техническата инфраструктура за нуждите на Община Варна на територията на район ""Владислав Варненчик",120825.4475,варна,43.24,27.872
362640,Д25000152ВН,2025-02-07,road_repair,строителство,winter,Q1,2,4,483148.17,13.088080725532985,483148.17,3.0,0,"ДЗЗД""ИНФРАСТРУКТУРНИ СТРОЕЖИ",Община Варна,municipality,0,0,314,estimated,"Обособена позиция №5: „Текущ ремонт на пътна и улична мрежа, пътни съоръжения, паркове и елементи на техническата инфраструктура за нуждите на Община Варна на територията на район ""Аспарухово"", кметст",120787.0425,варна,43.26765,27.90795
362640,Д25002017ВН,2025-11-24,road_repair,строителство,autumn,Q4,11,0,132105.28,11.791362029123059,132105.28,2.0,0,"ДЗЗД""ИНФРАСТРУКТУРНИ СТРОЕЖИ",Община Варна,municipality,0,0,235,estimated,„Текущ ремонт на Републикански пътища в границите на гр. Варна“,44035.09333333333,варна,43.26615,27.8439
362640,Д25002043ВН,2025-11-27,road_repair,строителство,autumn,Q4,11,3,278562.63,12.537401786220958,278562.63,3.0,0,"ДЗЗД""ИНФРАСТРУКТУРНИ СТРОЕЖИ",Община Варна,municipality,0,0,444,estimated,"Обособена позиция №1: „Текущ ремонт на пътна и улична мрежа, пътни съоръжения, паркове и елементи на техническата инфраструктура за нуждите на Община Варна на територията на район ""Одесос"" за 25г.-26г",69640.6575,варна,43.173,27.92175
362640,Д25002045ВН,2025-11-27,road_repair,строителство,autumn,Q4,11,3,536940.94,13.193645248465069,536940.94,3.0,0,"ДЗЗД""ИНФРАСТРУКТУРНИ СТРОЕЖИ",Община Варна,municipality,0,0,298,estimated,"Обособена позиция №4: „Текущ ремонт на пътна и улична мрежа, пътни съоръжения, паркове и елементи на техническата инфраструктура за нуждите на Община Варна на територията на район ""Аспарухово"", кметст",134235.235,варна,43.22055,27.93345
362640,Д25002048ВН,2025-11-28,road_repair,строителство,autumn,Q4,11,4,435182.59,12.98352326701148,435182.59,3.0,0,Инфра експерт АД,Община Варна,municipality,0,0,288,estimated,"Обособена позиция №2: „Текущ ремонт на пътна и улична мрежа, пътни съоръжения, паркове и елементи на техническата инфраструктура за нуждите на Община Варна на територията на р-н ""Приморски"" за 25-26г.",108795.6475,варна,43.201350000000005,27.90105
362640,Д25002049ВН,2025-11-28,road_repair,строителство,autumn,Q4,11,4,245532.58,12.41118899894029,245532.58,3.0,0,Хидрострой АД - София пререгистриран от Хидрострой АД,Община Варна,municipality,0,0,579,estimated,"Обособена позиция №3: „Текущ ремонт на пътна и улична мрежа, пътни съоръжения, паркове и елементи на техническата инфраструктура за нуждите на Община Варна на територията на район ""Младост"" и кметство",61383.145,варна,43.1907,27.85665
362640,Д25002050ВН,2025-11-28,road_repair,строителство,autumn,Q4,11,4,170241.82,12.044981049847845,170241.82,3.0,0,Хидрострой АД - София пререгистриран от Хидрострой АД,Община Варна,municipality,0,0,348,estimated,"Обособена позиция №5: „Текущ ремонт на пътна и улична мрежа, пътни съоръжения, паркове и елементи на техническата инфраструктура за нуждите на Община Варна на територията на район ""Владислав Варненчик",42560.455,варна,43.24,27.872
377093,Д25000038ВН,2025-01-09,other,услуги,winter,Q1,1,3,31090.3,10.344683316266746,31090.3,2.0,0,"Калея Трейд ЕООД /старо наименование: ДМ Строй БГ ЕООД,/ гр. Варна",Община Варна,municipality,0,0,342,estimated,"„Поддържане, резитба, отсичане на дървета и изпълнение на нови засаждения за нуждите на общинските детски ясли на територията на Община Варна“",10363.433333333332,варна,43.1865,27.8988
377093,Д25000173ВН,2025-02-10,construction,услуги,winter,Q1,2,0,162497.41,11.998423496088675,162497.41,1.0,0,Вирида 1 ЕООД,Община Варна,municipality,0,0,228,estimated,"„Паркоустрояване-поддържане и изграждане на зелени площи, резитба и отсичане на дървета на територията на Район ""Аспарухово"", кметство Звездица и кметство Константиново, Община Варна за 2025 година“",81248.705,варна,43.26225,27.981749999999998
377093,Д25000169ВН,2025-02-10,construction,услуги,winter,Q1,2,0,198830.69,12.200213966939387,198830.69,1.0,0,НЕМ Комерс ЕООД,Община Варна,municipality,0,0,207,estimated,"„Паркоустрояване-поддържане и изграждане на зелени площи, резитба и отсичане на дървета на територията на Район ""Владислав Варненчик"", кметство Тополи и кметство Казашко, Община Варна за 2025 година“",99415.345,варна,43.1709,27.86505
377093,Д25000171ВН,2025-02-10,construction,услуги,winter,Q1,2,0,319109.2,12.673291776656754,319109.2,1.0,0,НЕМ Комерс ЕООД,Община Варна,municipality,0,0,112,estimated,"„Паркоустрояване-поддържане и изграждане на зелени площи, резитба и отсичане на дървета на територията на Район ""Младост"" и кметство  Каменар, Община Варна за 2025 година“",159554.6,варна,43.19205,27.8592
377093,Д25000170ВН,2025-02-10,construction,услуги,winter,Q1,2,0,220833.06,12.305166838735028,220833.06,1.0,0,Вирида 1 ЕООД,Община Варна,municipality,0,0,39,estimated,"„Паркоустрояване-поддържане и изграждане на зелени площи, резитба и отсичане на дървета на територията на Район ""Одесос"", Община Варна за 2025 година“",110416.53,варна,43.26165,27.8559
377093,Д25000168ВН,2025-02-10,construction,услуги,winter,Q1,2,0,337335.15,12.728835189928951,337335.15,1.0,0,Ланд дизайн ЕООД,Община Варна,municipality,0,0,37,estimated,"„Представително поддържане и изграждане на зелени площи, резитба и отсичане на дървета на територията на Община Варна за 2025 година“",168667.575,варна,43.2789,27.8958
377093,Д25000172ВН,2025-02-10,construction,услуги,winter,Q1,2,0,266664.97,12.493752105478542,266664.97,2.0,0,Никман Канал сервиз ЕООД,Община Варна,municipality,0,0,342,estimated,"„Паркоустрояване-поддържане и изграждане на зелени площи, резитба и отсичане на дървета на територията на Район ""Приморски 1"", Община Варна за 2025 година“",88888.32333333332,варна,43.14705,27.8934
377093,Д25000174ВН,2025-02-10,construction,услуги,winter,Q1,2,0,110223.22,11.610271933766535,110223.22,2.0,0,Никман Канал сервиз ЕООД,Община Варна,municipality,0,0,162,estimated,"„Паркоустрояване-поддържане и изграждане на зелени площи, резитба и отсичане на дървета на територията на Район ""Приморски 2"", Община Варна за 2025 година“",36741.073333333334,варна,43.2333,27.87435
377093,Д25000304ВН,2025-03-18,parking_lot,услуги,spring,Q1,3,1,17013.64,9.741829428909238,17013.64,1.0,0,Никман Канал сервиз ЕООД,Община Варна,municipality,0,0,309,estimated,"“Поддържане, резитба, отсичане на дървета за нуждите на ОП „Зоопарк-СЦ“–Варна “",8506.82,варна,43.15005,27.97905
348113,РД-12-59,2018-06-05,water_sewage,услуги,summer,Q2,6,1,82104.38,11.315758823135189,82104.38,9.0,0,Билдконсулт ООД,Община Долна Митрополия,municipality,0,0,189,estimated,Упражняване на строителен надзор на обект:„Изграждане на нов водопровод за допълнително водоснабдяване на гр. Тръстеник от съществуваща помпена станция в местността Ченгене сарай в землището на с. Оре,8210.438,долна митрополия,43.4667,24.5167
379565,ДОП-5,2025-01-29,building_repair,строителство,winter,Q1,1,2,976546.96,13.791779142276116,976546.96,1.0,0,ДЗЗД Добрич 2020,Община град Добрич,municipality,0,0,542,estimated,"„Текущ ремонт на ул. “Хан Тервел“, в участъка от бул. “Добричка епопея“ до ул. “Армейска“",488273.48,добрич,43.5726,27.8273
379565,ДОП-53,2025-06-19,other,строителство,summer,Q2,6,3,697670.3,13.455503353922877,697670.3,1.0,0,Хидрострой АД - София пререгистриран от Хидрострой АД,Община град Добрич,municipality,0,0,433,estimated,,348835.15,добрич,43.499700000000004,27.7997
379565,ДОП-76,2025-08-19,building_repair,строителство,summer,Q3,8,1,560000.0,13.235693848424024,560000.0,1.0,0,ДЗЗД Добрич 2020,Община град Добрич,municipality,0,0,471,estimated,„Текущ ремонт на ул. „Никола Петков“,280000.0,добрич,43.5726,27.8273
381862,715,2020-06-23,other,доставки,summer,Q2,6,1,215520.0,12.280813631574036,215520.0,1.0,0,Автотрейд СА ЕООД / старо наименование Автотрейд СА ООД/,"Първа езикова гимназия/ПЕГ/ с преподаване на английска, гр. Варна",other,0,0,78,estimated,Доставка на газьол за промишлни и комунални цели за нуждите на Първа езикова гимназия гр. Варна за срок от 5 години.,107760.0,варна,43.279050000000005,27.8973
382275,РД-05-2-4,2025-01-24,building_repair,услуги,winter,Q1,1,4,124597.1,11.732848636423078,124597.1,1.0,0,ДЗЗД Балнеология БГ,Специализирани болници за рехабилитация - Национален комплекс /СБР - НК/ ЕАД - София,utility,0,0,297,estimated,"„Изработване на инвестиционен проект за консервация и реставрация, укрепителни и ремонтни работи на „Стара баня“- сграда с идентификатор 12961.420.7.7 в ПИ 12961.420.7, кв. 76, УПИ I-7, пл. № 1032, гр",62298.55,софия,42.6977,23.3219
382275,РД-05-2-5,2025-01-24,building_repair,услуги,winter,Q1,1,4,79115.1,11.278671672867334,79115.1,1.0,0,ДЗЗД Балнеология БГ,Специализирани болници за рехабилитация - Национален комплекс /СБР - НК/ ЕАД - София,utility,0,0,146,estimated,"Изработване на инвестиционен проект за консервация и реставрация, укрепителни и ремонтни работи на Стол „Бивше казино“, сграда с идентификатор 12961.420.7.10 по КККР на гр. Вършец, обл. Монтана",39557.55,софия,42.694849999999995,23.29475
382565,РД-05-28-3,2025-04-25,other,доставки,spring,Q2,4,4,219996.72,12.301372461644432,219996.72,1.0,0,Ен Ер Джи Софт ЕООД - гр. Русе,Специализирани болници за рехабилитация - Национален комплекс /СБР - НК/ ЕАД - София,utility,0,0,11,estimated,"Доставка и инсталиране на пожароизвестителна система в СБР-НК ЕАД, филиал Павел баня",109998.36,софия,42.6239,23.27945
